{
    "name": "root",
    "gauges": {
        "MoveToGoal.Policy.Entropy.mean": {
            "value": 1.3993650674819946,
            "min": 1.3993650674819946,
            "max": 1.4137177467346191,
            "count": 2
        },
        "MoveToGoal.Policy.Entropy.sum": {
            "value": 69618.4140625,
            "min": 69618.4140625,
            "max": 71781.515625,
            "count": 2
        },
        "MoveToGoal.Step.mean": {
            "value": 99961.0,
            "min": 49991.0,
            "max": 99961.0,
            "count": 2
        },
        "MoveToGoal.Step.sum": {
            "value": 99961.0,
            "min": 49991.0,
            "max": 99961.0,
            "count": 2
        },
        "MoveToGoal.Policy.ExtrinsicValueEstimate.mean": {
            "value": 0.31820717453956604,
            "min": -1.0492345094680786,
            "max": 0.31820717453956604,
            "count": 2
        },
        "MoveToGoal.Policy.ExtrinsicValueEstimate.sum": {
            "value": 343.02734375,
            "min": -1066.022216796875,
            "max": 343.02734375,
            "count": 2
        },
        "MoveToGoal.Environment.EpisodeLength.mean": {
            "value": 65.82337317397078,
            "min": 65.82337317397078,
            "max": 121.6962962962963,
            "count": 2
        },
        "MoveToGoal.Environment.EpisodeLength.sum": {
            "value": 49565.0,
            "min": 49287.0,
            "max": 49565.0,
            "count": 2
        },
        "MoveToGoal.Environment.CumulativeReward.mean": {
            "value": 0.9163346613545816,
            "min": -0.3094059405940594,
            "max": 0.9163346613545816,
            "count": 2
        },
        "MoveToGoal.Environment.CumulativeReward.sum": {
            "value": 690.0,
            "min": -125.0,
            "max": 690.0,
            "count": 2
        },
        "MoveToGoal.Policy.ExtrinsicReward.mean": {
            "value": 0.9163346613545816,
            "min": -0.3094059405940594,
            "max": 0.9163346613545816,
            "count": 2
        },
        "MoveToGoal.Policy.ExtrinsicReward.sum": {
            "value": 690.0,
            "min": -125.0,
            "max": 690.0,
            "count": 2
        },
        "MoveToGoal.Losses.PolicyLoss.mean": {
            "value": 0.02546667725779116,
            "min": 0.02546667725779116,
            "max": 0.025620107203951303,
            "count": 2
        },
        "MoveToGoal.Losses.PolicyLoss.sum": {
            "value": 0.1273333862889558,
            "min": 0.10248042881580521,
            "max": 0.1273333862889558,
            "count": 2
        },
        "MoveToGoal.Losses.ValueLoss.mean": {
            "value": 0.024815098498947922,
            "min": 0.024815098498947922,
            "max": 0.04060603688668572,
            "count": 2
        },
        "MoveToGoal.Losses.ValueLoss.sum": {
            "value": 0.1240754924947396,
            "min": 0.1240754924947396,
            "max": 0.1624241475467429,
            "count": 2
        },
        "MoveToGoal.Policy.LearningRate.mean": {
            "value": 0.00025609633463456,
            "min": 0.00025609633463456,
            "max": 0.0002838345053885,
            "count": 2
        },
        "MoveToGoal.Policy.LearningRate.sum": {
            "value": 0.0012804816731728,
            "min": 0.001135338021554,
            "max": 0.0012804816731728,
            "count": 2
        },
        "MoveToGoal.Policy.Epsilon.mean": {
            "value": 0.18536544,
            "min": 0.18536544,
            "max": 0.1946115,
            "count": 2
        },
        "MoveToGoal.Policy.Epsilon.sum": {
            "value": 0.9268272,
            "min": 0.778446,
            "max": 0.9268272,
            "count": 2
        },
        "MoveToGoal.Policy.Beta.mean": {
            "value": 0.004269735456,
            "min": 0.004269735456,
            "max": 0.0047311138499999995,
            "count": 2
        },
        "MoveToGoal.Policy.Beta.sum": {
            "value": 0.02134867728,
            "min": 0.018924455399999998,
            "max": 0.02134867728,
            "count": 2
        },
        "MoveToGoal.IsTraining.mean": {
            "value": 1.0,
            "min": 1.0,
            "max": 1.0,
            "count": 2
        },
        "MoveToGoal.IsTraining.sum": {
            "value": 1.0,
            "min": 1.0,
            "max": 1.0,
            "count": 2
        }
    },
    "metadata": {
        "timer_format_version": "0.1.0",
        "start_time_seconds": "1744514489",
        "python_version": "3.9.13 (tags/v3.9.13:6de2ca5, May 17 2022, 16:36:42) [MSC v.1929 64 bit (AMD64)]",
        "command_line_arguments": "D:\\ERAU\\SIM455\\MachineLearningDev\\venv\\Scripts\\mlagents-learn --run-id=MoveToGoal",
        "mlagents_version": "0.30.0",
        "mlagents_envs_version": "0.30.0",
        "communication_protocol_version": "1.5.0",
        "pytorch_version": "2.6.0+cpu",
        "numpy_version": "1.21.2",
        "end_time_seconds": "1744514653"
    },
    "total": 164.1536098,
    "count": 1,
    "self": 0.006547999999980902,
    "children": {
        "run_training.setup": {
            "total": 0.02937030000000007,
            "count": 1,
            "self": 0.02937030000000007
        },
        "TrainerController.start_learning": {
            "total": 164.1176915,
            "count": 1,
            "self": 0.1702148999998485,
            "children": {
                "TrainerController._reset_env": {
                    "total": 11.707006199999999,
                    "count": 1,
                    "self": 11.707006199999999
                },
                "TrainerController.advance": {
                    "total": 152.14887490000018,
                    "count": 5642,
                    "self": 0.17719280000088133,
                    "children": {
                        "env_step": {
                            "total": 110.44623329999948,
                            "count": 5642,
                            "self": 104.04021679999991,
                            "children": {
                                "SubprocessEnvManager._take_step": {
                                    "total": 6.307386799999966,
                                    "count": 5642,
                                    "self": 0.5032812999997454,
                                    "children": {
                                        "TorchPolicy.evaluate": {
                                            "total": 5.804105500000221,
                                            "count": 4591,
                                            "self": 5.804105500000221
                                        }
                                    }
                                },
                                "workers": {
                                    "total": 0.09862969999959326,
                                    "count": 5641,
                                    "self": 0.0,
                                    "children": {
                                        "worker_root": {
                                            "total": 90.83444589999966,
                                            "count": 5641,
                                            "is_parallel": true,
                                            "self": 62.211814399999824,
                                            "children": {
                                                "steps_from_proto": {
                                                    "total": 0.00043760000000148125,
                                                    "count": 1,
                                                    "is_parallel": true,
                                                    "self": 0.00013290000000054647,