{
    "name": "root",
    "gauges": {
        "MoveToGoal.Policy.Entropy.mean": {
            "value": 0.9618079662322998,
            "min": 0.9618079662322998,
            "max": 1.3829747438430786,
            "count": 21
        },
        "MoveToGoal.Policy.Entropy.sum": {
            "value": 9569.9892578125,
            "min": 9569.9892578125,
            "max": 14244.6396484375,
            "count": 21
        },
        "MoveToGoal.Environment.EpisodeLength.mean": {
            "value": 11.49375,
            "min": 11.372986369268897,
            "max": 33.27739726027397,
            "count": 21
        },
        "MoveToGoal.Environment.EpisodeLength.sum": {
            "value": 9195.0,
            "min": 9178.0,
            "max": 9717.0,
            "count": 21
        },
        "MoveToGoal.Step.mean": {
            "value": 209997.0,
            "min": 9965.0,
            "max": 209997.0,
            "count": 21
        },
        "MoveToGoal.Step.sum": {
            "value": 209997.0,
            "min": 9965.0,
            "max": 209997.0,
            "count": 21
        },
        "MoveToGoal.Policy.ExtrinsicValueEstimate.mean": {
            "value": 0.9446160197257996,
            "min": 0.5236111879348755,
            "max": 0.9446160197257996,
            "count": 21
        },
        "MoveToGoal.Policy.ExtrinsicValueEstimate.sum": {
            "value": 755.6928100585938,
            "min": 163.36669921875,
            "max": 758.2608642578125,
            "count": 21
        },
        "MoveToGoal.Environment.CumulativeReward.mean": {
            "value": 1.0,
            "min": 0.6219931271477663,
            "max": 1.0,
            "count": 21
        },
        "MoveToGoal.Environment.CumulativeReward.sum": {
            "value": 800.0,
            "min": 181.0,
            "max": 803.0,
            "count": 21
        },
        "MoveToGoal.Policy.ExtrinsicReward.mean": {
            "value": 1.0,
            "min": 0.6219931271477663,
            "max": 1.0,
            "count": 21
        },
        "MoveToGoal.Policy.ExtrinsicReward.sum": {
            "value": 800.0,
            "min": 181.0,
            "max": 803.0,
            "count": 21
        },
        "MoveToGoal.Losses.PolicyLoss.mean": {
            "value": 0.241137995235902,
            "min": 0.2369984884425836,
            "max": 0.2514551800662867,
            "count": 21
        },
        "MoveToGoal.Losses.PolicyLoss.sum": {
            "value": 21.70241957123118,
            "min": 20.124533988232013,
            "max": 23.133876566098376,
            "count": 21
        },
        "MoveToGoal.Losses.ValueLoss.mean": {
            "value": 1.4222580167268413e-05,
            "min": 1.4222580167268413e-05,
            "max": 0.08874730033074987,
            "count": 21
        },
        "MoveToGoal.Losses.ValueLoss.sum": {
            "value": 0.0012800322150541572,
            "min": 0.0012800322150541572,
            "max": 7.36602592745224,
            "count": 21
        },
        "MoveToGoal.Policy.LearningRate.mean": {
            "value": 0.00017700246099919335,
            "min": 0.00017700246099919335,
            "max": 0.00029693594559966505,
            "count": 21
        },
        "MoveToGoal.Policy.LearningRate.sum": {
            "value": 0.015930221489927402,
            "min": 0.015930221489927402,
            "max": 0.0253907664364114,
            "count": 21
        },
        "MoveToGoal.Policy.Epsilon.mean": {
            "value": 0.15900080666666666,
            "min": 0.15900080666666666,
            "max": 0.1989786481927711,
            "count": 21
        },
        "MoveToGoal.Policy.Epsilon.sum": {
            "value": 14.3100726,
            "min": 14.3100726,
            "max": 17.563588600000003,
            "count": 21
        },
        "MoveToGoal.Policy.Beta.mean": {
            "value": 0.00029910395266666674,
            "min": 0.00029910395266666674,
            "max": 0.0004949953761445784,
            "count": 21
        },
        "MoveToGoal.Policy.Beta.sum": {
            "value": 0.026919355740000005,
            "min": 0.026919355740000005,
            "max": 0.04238158414,
            "count": 21
        },
        "MoveToGoal.IsTraining.mean": {
            "value": 1.0,
            "min": 1.0,
            "max": 1.0,
            "count": 21
        },
        "MoveToGoal.IsTraining.sum": {
            "value": 1.0,
            "min": 1.0,
            "max": 1.0,
            "count": 21
        }
    },
    "metadata": {
        "timer_format_version": "0.1.0",
        "start_time_seconds": "1744516025",
        "python_version": "3.9.13 (tags/v3.9.13:6de2ca5, May 17 2022, 16:36:42) [MSC v.1929 64 bit (AMD64)]",
        "command_line_arguments": "D:\\ERAU\\SIM455\\MachineLearningDev\\venv\\Scripts\\mlagents-learn config/moveToGoal.yaml --initialize-from=MoveToGoal --run-id=MoveToGoal2",
        "mlagents_version": "0.30.0",
        "mlagents_envs_version": "0.30.0",
        "communication_protocol_version": "1.5.0",
        "pytorch_version": "2.6.0+cpu",
        "numpy_version": "1.21.2",
        "end_time_seconds": "1744516784"
    },
    "total": 758.987558,
    "count": 1,
    "self": 0.007594299999936993,
    "children": {
        "run_training.setup": {
            "total": 0.10887959999999985,
            "count": 1,
            "self": 0.10887959999999985
        },
        "TrainerController.start_learning": {
            "total": 758.8710841000001,
            "count": 1,
            "self": 0.5612568000003648,
            "children": {
                "TrainerController._reset_env": {
                    "total": 35.434886999999996,
                    "count": 1,
                    "self": 35.434886999999996
                },
                "TrainerController.advance": {
                    "total": 722.7868155999997,
                    "count": 19533,
                    "self": 0.4879937000044947,
                    "children": {
                        "env_step": {
                            "total": 185.8685013000016,
                            "count": 19533,
                            "self": 174.6955883,
                            "children": {
                                "SubprocessEnvManager._take_step": {
                                    "total": 10.879227399995749,
                                    "count": 19533,
                                    "self": 0.9039315999974278,
                                    "children": {
                                        "TorchPolicy.evaluate": {
                                            "total": 9.975295799998321,
                                            "count": 8731,
                                            "self": 9.975295799998321
                                        }
                                    }
                                },
                                "workers": {
                                    "total": 0.2936856000058796,
                                    "count": 19532,
                                    "self": 0.0,
                                    "children": {
                                        "worker_root": {
                                            "total": 662.1077984999922,
                                            "count": 19532,
                                            "is_parallel": true,
                                            "self": 579.7387405999943,
                                            "children": {
                                                "steps_from_proto": {
                                                    "total": 0.0003792999999987501,
                                                    "count": 1,
                                                    "is_parallel": true,
                                                    "self": 0.00011609999999961929,